{
  "total_examples": 122,
  "total_evaluations": 122,
  "models": {
    "google/gemini-2.0-flash-lite-001": {
      "with_true_solution": {
        "accuracy": 38.52459016393443,
        "quality_score": 70.21857923497268,
        "avg_score_distance": 0.8442622950819673,
        "macro_precision": 41.74145299145299,
        "macro_recall": 33.746753246753244,
        "macro_f1": 35.929883540767364,
        "per_score_metrics": {
          "0": {
            "precision": 44.44444444444444,
            "recall": 28.57142857142857,
            "f1": 34.78260869565217
          },
          "1": {
            "precision": 46.15384615384615,
            "recall": 45.0,
            "f1": 45.56962025316456
          },
          "2": {
            "precision": 35.41666666666667,
            "recall": 48.57142857142857,
            "f1": 40.963855421686745
          },
          "3": {
            "precision": 7.6923076923076925,
            "recall": 9.090909090909092,
            "f1": 8.333333333333334
          },
          "4": {
            "precision": 75.0,
            "recall": 37.5,
            "f1": 50.0
          }
        },
        "confusion_matrix": {
          "0": {
            "0": 8,
            "1": 9,
            "2": 8,
            "3": 3,
            "4": 0
          },
          "1": {
            "0": 5,
            "1": 18,
            "2": 14,
            "3": 3,
            "4": 0
          },
          "2": {
            "0": 3,
            "1": 11,
            "2": 17,
            "3": 3,
            "4": 1
          },
          "3": {
            "0": 2,
            "1": 1,
            "2": 7,
            "3": 1,
            "4": 0
          },
          "4": {
            "0": 0,
            "1": 0,
            "2": 2,
            "3": 3,
            "4": 3
          }
        },
        "evaluations": 122,
        "avg_evaluation_time": 3.0935470334819106,
        "avg_prompt_tokens": 2610.3934426229507,
        "avg_completion_tokens": 354.76229508196724,
        "avg_total_tokens": 2965.155737704918,
        "total_cost": 0.0368694
      }
    }
  },
  "summary": {
    "avg_evaluation_time": 3.0935470334819106,
    "avg_prompt_tokens": 2610.3934426229507,
    "avg_completion_tokens": 354.76229508196724,
    "avg_total_tokens": 2965.155737704918,
    "total_cost": 0.0368694,
    "avg_quality_score": 0.7021857923497268
  },
  "task_type": "task_13"
}