{
  "total_examples": 122,
  "total_evaluations": 244,
  "models": {
    "google/gemini-2.0-flash-lite-001": {
      "without_answer": {
        "accuracy": 31.967213114754102,
        "quality_score": 64.95901639344262,
        "avg_score_distance": 1.0,
        "macro_precision": 24.87420814479638,
        "macro_recall": 36.74025974025974,
        "macro_f1": 29.070588235294117,
        "per_score_metrics": {
          "0": {
            "precision": 0.0,
            "recall": 0.0,
            "f1": 0
          },
          "1": {
            "precision": 30.0,
            "recall": 30.0,
            "f1": 30.0
          },
          "2": {
            "precision": 36.0,
            "recall": 51.42857142857142,
            "f1": 42.35294117647058
          },
          "3": {
            "precision": 23.076923076923077,
            "recall": 27.27272727272727,
            "f1": 24.999999999999993
          },
          "4": {
            "precision": 35.294117647058826,
            "recall": 75.0,
            "f1": 48.0
          }
        },
        "confusion_matrix": {
          "0": {
            "0": 0,
            "1": 14,
            "2": 10,
            "3": 3,
            "4": 1
          },
          "1": {
            "0": 2,
            "1": 12,
            "2": 17,
            "3": 4,
            "4": 5
          },
          "2": {
            "0": 0,
            "1": 12,
            "2": 18,
            "3": 2,
            "4": 3
          },
          "3": {
            "0": 0,
            "1": 2,
            "2": 4,
            "3": 3,
            "4": 2
          },
          "4": {
            "0": 0,
            "1": 0,
            "2": 1,
            "3": 1,
            "4": 6
          }
        },
        "evaluations": 122,
        "avg_evaluation_time": 3.0776649224953574,
        "avg_prompt_tokens": 2473.6475409836066,
        "avg_completion_tokens": 340.10655737704917,
        "avg_total_tokens": 2813.754098360656,
        "total_cost": 0.035081775
      },
      "with_answer": {
        "accuracy": 35.24590163934426,
        "quality_score": 67.82786885245902,
        "avg_score_distance": 0.9016393442622951,
        "macro_precision": 28.29059829059829,
        "macro_recall": 38.201298701298704,
        "macro_f1": 32.24440319111452,
        "per_score_metrics": {
          "0": {
            "precision": 0.0,
            "recall": 0.0,
            "f1": 0
          },
          "1": {
            "precision": 35.8974358974359,
            "recall": 35.0,
            "f1": 35.44303797468355
          },
          "2": {
            "precision": 41.66666666666667,
            "recall": 57.14285714285714,
            "f1": 48.192771084337345
          },
          "3": {
            "precision": 22.22222222222222,
            "recall": 36.36363636363637,
            "f1": 27.586206896551722
          },
          "4": {
            "precision": 41.66666666666667,
            "recall": 62.5,
            "f1": 50.0
          }
        },
        "confusion_matrix": {
          "0": {
            "0": 0,
            "1": 16,
            "2": 7,
            "3": 4,
            "4": 1
          },
          "1": {
            "0": 3,
            "1": 14,
            "2": 18,
            "3": 4,
            "4": 1
          },
          "2": {
            "0": 2,
            "1": 7,
            "2": 20,
            "3": 3,
            "4": 3
          },
          "3": {
            "0": 0,
            "1": 2,
            "2": 3,
            "3": 4,
            "4": 2
          },
          "4": {
            "0": 0,
            "1": 0,
            "2": 0,
            "3": 3,
            "4": 5
          }
        },
        "evaluations": 122,
        "avg_evaluation_time": 3.1335109218222197,
        "avg_prompt_tokens": 2486.3360655737706,
        "avg_completion_tokens": 335.672131147541,
        "avg_total_tokens": 2822.0081967213114,
        "total_cost": 0.035035575000000006
      }
    }
  },
  "summary": {
    "avg_evaluation_time": 3.1055879221587883,
    "avg_prompt_tokens": 2479.9918032786886,
    "avg_completion_tokens": 337.8893442622951,
    "avg_total_tokens": 2817.8811475409834,
    "total_cost": 0.07011735,
    "avg_quality_score": 0.6639344262295083
  },
  "task_type": "task_13"
}