{
  "total_examples": 122,
  "total_evaluations": 244,
  "models": {
    "google/gemini-2.5-flash-preview:thinking": {
      "without_answer": {
        "accuracy": 40.16393442622951,
        "close_accuracy": 62.295081967213115,
        "quality_score": 64.2966360856269,
        "avg_score_distance": 1.0458715596330275,
        "macro_precision": 57.336384439359264,
        "macro_recall": 33.422077922077925,
        "macro_f1": 36.11391400687894,
        "per_score_metrics": {
          "0": {
            "precision": 28.26086956521739,
            "recall": 46.42857142857143,
            "f1": 35.13513513513512
          },
          "1": {
            "precision": 63.1578947368421,
            "recall": 30.0,
            "f1": 40.67796610169491
          },
          "2": {
            "precision": 55.26315789473685,
            "recall": 60.0,
            "f1": 57.53424657534247
          },
          "3": {
            "precision": 40.0,
            "recall": 18.181818181818183,
            "f1": 25.000000000000007
          },
          "4": {
            "precision": 100.0,
            "recall": 12.5,
            "f1": 22.22222222222222
          }
        },
        "confusion_matrix": {
          "0": {
            "0": 13,
            "1": 5,
            "2": 9,
            "3": 1,
            "4": 0
          },
          "1": {
            "0": 13,
            "1": 12,
            "2": 8,
            "3": 2,
            "4": 0
          },
          "2": {
            "0": 6,
            "1": 1,
            "2": 21,
            "3": 0,
            "4": 0
          },
          "3": {
            "0": 9,
            "1": 0,
            "2": 0,
            "3": 2,
            "4": 0
          },
          "4": {
            "0": 5,
            "1": 1,
            "2": 0,
            "3": 0,
            "4": 1
          }
        },
        "evaluations": 122,
        "avg_evaluation_time": 39.4772176097651,
        "avg_prompt_tokens": 2086.0163934426228,
        "avg_completion_tokens": 6574.286885245901,
        "avg_total_tokens": 8660.303278688525,
        "total_cost": 0.6035959
      },
      "with_answer": {
        "accuracy": 42.62295081967213,
        "close_accuracy": 65.57377049180327,
        "quality_score": 66.43939393939394,
        "avg_score_distance": 0.990909090909091,
        "macro_precision": 38.93249437813527,
        "macro_recall": 33.142857142857146,
        "macro_f1": 32.65841877420824,
        "per_score_metrics": {
          "0": {
            "precision": 34.04255319148936,
            "recall": 57.14285714285714,
            "f1": 42.66666666666666
          },
          "1": {
            "precision": 68.75,
            "recall": 27.500000000000004,
            "f1": 39.28571428571429
          },
          "2": {
            "precision": 58.536585365853654,
            "recall": 68.57142857142857,
            "f1": 63.15789473684211
          },
          "3": {
            "precision": 0.0,
            "recall": 0.0,
            "f1": 0
          },
          "4": {
            "precision": 33.33333333333333,
            "recall": 12.5,
            "f1": 18.181818181818183
          }
        },
        "confusion_matrix": {
          "0": {
            "0": 16,
            "1": 3,
            "2": 7,
            "3": 2,
            "4": 0
          },
          "1": {
            "0": 13,
            "1": 11,
            "2": 10,
            "3": 1,
            "4": 0
          },
          "2": {
            "0": 5,
            "1": 0,
            "2": 24,
            "3": 0,
            "4": 0
          },
          "3": {
            "0": 7,
            "1": 2,
            "2": 0,
            "3": 0,
            "4": 2
          },
          "4": {
            "0": 6,
            "1": 0,
            "2": 0,
            "3": 0,
            "4": 1
          }
        },
        "evaluations": 122,
        "avg_evaluation_time": 39.97642059404342,
        "avg_prompt_tokens": 2102.5491803278687,
        "avg_completion_tokens": 6782.434426229508,
        "avg_total_tokens": 8884.983606557376,
        "total_cost": 0.6197538499999999
      }
    }
  },
  "summary": {
    "avg_evaluation_time": 39.72681910190426,
    "avg_prompt_tokens": 2094.282786885246,
    "avg_completion_tokens": 6678.360655737705,
    "avg_total_tokens": 8772.643442622952,
    "total_cost": 1.2233497500000001,
    "avg_quality_score": 0.6537290715372907,
    "accuracy": 41.39344262295082,
    "close_accuracy": 63.934426229508205
  },
  "filename": "benchmark_all_tasks_gemini-2.5-flash-preview_20250615_010255.json"
}