{
  "total_examples": 122,
  "total_evaluations": 122,
  "models": {
    "google/gemini-2.5-flash-preview:thinking": {
      "with_true_solution": {
        "accuracy": 43.44262295081967,
        "quality_score": 65.9153005464481,
        "avg_score_distance": 0.9918032786885246,
        "macro_precision": 53.83614315291334,
        "macro_recall": 37.63636363636364,
        "macro_f1": 39.46096405112799,
        "per_score_metrics": {
          "0": {
            "precision": 26.53061224489796,
            "recall": 46.42857142857143,
            "f1": 33.766233766233775
          },
          "1": {
            "precision": 57.14285714285714,
            "recall": 30.0,
            "f1": 39.34426229508196
          },
          "2": {
            "precision": 52.17391304347826,
            "recall": 68.57142857142857,
            "f1": 59.25925925925927
          },
          "3": {
            "precision": 66.66666666666666,
            "recall": 18.181818181818183,
            "f1": 28.571428571428577
          },
          "4": {
            "precision": 66.66666666666666,
            "recall": 25.0,
            "f1": 36.36363636363637
          }
        },
        "confusion_matrix": {
          "0": {
            "0": 13,
            "1": 5,
            "2": 10,
            "3": 0,
            "4": 0
          },
          "1": {
            "0": 15,
            "1": 12,
            "2": 12,
            "3": 1,
            "4": 0
          },
          "2": {
            "0": 9,
            "1": 2,
            "2": 24,
            "3": 0,
            "4": 0
          },
          "3": {
            "0": 7,
            "1": 1,
            "2": 0,
            "3": 2,
            "4": 1
          },
          "4": {
            "0": 5,
            "1": 1,
            "2": 0,
            "3": 0,
            "4": 2
          }
        },
        "evaluations": 122,
        "avg_evaluation_time": 47.59055456763408,
        "avg_prompt_tokens": 2610.44262295082,
        "avg_completion_tokens": 7544.639344262295,
        "avg_total_tokens": 10155.081967213115,
        "total_cost": 0.7832627
      }
    }
  },
  "summary": {
    "avg_evaluation_time": 47.59055456763408,
    "avg_prompt_tokens": 2610.44262295082,
    "avg_completion_tokens": 7544.639344262295,
    "avg_total_tokens": 10155.081967213115,
    "total_cost": 0.7832627,
    "avg_quality_score": 0.659153005464481
  },
  "task_type": "task_13"
}