{
  "total_examples": 122,
  "total_evaluations": 122,
  "models": {
    "qwen/qwen2.5-vl-32b-instruct": {
      "with_true_solution": {
        "accuracy": 43.44262295081967,
        "quality_score": 70.49180327868852,
        "avg_score_distance": 0.8114754098360656,
        "macro_precision": 42.97121334409469,
        "macro_recall": 42.95454545454545,
        "macro_f1": 40.308383763702906,
        "per_score_metrics": {
          "0": {
            "precision": 44.44444444444444,
            "recall": 14.285714285714285,
            "f1": 21.62162162162162
          },
          "1": {
            "precision": 60.0,
            "recall": 45.0,
            "f1": 51.42857142857144
          },
          "2": {
            "precision": 38.983050847457626,
            "recall": 65.71428571428571,
            "f1": 48.93617021276596
          },
          "3": {
            "precision": 21.428571428571427,
            "recall": 27.27272727272727,
            "f1": 23.999999999999996
          },
          "4": {
            "precision": 50.0,
            "recall": 62.5,
            "f1": 55.55555555555556
          }
        },
        "confusion_matrix": {
          "0": {
            "0": 4,
            "1": 7,
            "2": 15,
            "3": 1,
            "4": 1
          },
          "1": {
            "0": 4,
            "1": 18,
            "2": 14,
            "3": 4,
            "4": 0
          },
          "2": {
            "0": 1,
            "1": 4,
            "2": 23,
            "3": 4,
            "4": 3
          },
          "3": {
            "0": 0,
            "1": 1,
            "2": 6,
            "3": 3,
            "4": 1
          },
          "4": {
            "0": 0,
            "1": 0,
            "2": 1,
            "3": 2,
            "4": 5
          }
        },
        "evaluations": 122,
        "avg_evaluation_time": 27.552938414401694,
        "avg_prompt_tokens": 4289.016393442623,
        "avg_completion_tokens": 1489.0081967213114,
        "avg_total_tokens": 5778.024590163935,
        "total_cost": 0.6344270999999999
      }
    }
  },
  "summary": {
    "avg_evaluation_time": 27.552938414401694,
    "avg_prompt_tokens": 4289.016393442623,
    "avg_completion_tokens": 1489.0081967213114,
    "avg_total_tokens": 5778.024590163935,
    "total_cost": 0.6344270999999999,
    "avg_quality_score": 0.7049180327868853
  },
  "task_type": "task_13"
}