{
  "total_examples": 122,
  "total_evaluations": 244,
  "models": {
    "qwen/qwen2.5-vl-32b-instruct": {
      "without_answer": {
        "accuracy": 31.147540983606557,
        "close_accuracy": 67.21311475409836,
        "quality_score": 62.090163934426236,
        "avg_score_distance": 1.0901639344262295,
        "macro_precision": 27.991407089151448,
        "macro_recall": 33.746753246753244,
        "macro_f1": 28.483116883116885,
        "per_score_metrics": {
          "0": {
            "precision": 20.0,
            "recall": 3.571428571428571,
            "f1": 6.0606060606060606
          },
          "1": {
            "precision": 37.142857142857146,
            "recall": 32.5,
            "f1": 34.66666666666667
          },
          "2": {
            "precision": 34.69387755102041,
            "recall": 48.57142857142857,
            "f1": 40.476190476190474
          },
          "3": {
            "precision": 5.263157894736842,
            "recall": 9.090909090909092,
            "f1": 6.666666666666667
          },
          "4": {
            "precision": 42.857142857142854,
            "recall": 75.0,
            "f1": 54.54545454545454
          }
        },
        "confusion_matrix": {
          "0": {
            "0": 1,
            "1": 8,
            "2": 14,
            "3": 3,
            "4": 2
          },
          "1": {
            "0": 2,
            "1": 13,
            "2": 13,
            "3": 11,
            "4": 1
          },
          "2": {
            "0": 1,
            "1": 11,
            "2": 17,
            "3": 2,
            "4": 4
          },
          "3": {
            "0": 1,
            "1": 3,
            "2": 5,
            "3": 1,
            "4": 1
          },
          "4": {
            "0": 0,
            "1": 0,
            "2": 0,
            "3": 2,
            "4": 6
          }
        },
        "evaluations": 122,
        "avg_evaluation_time": 22.972876019165163,
        "avg_prompt_tokens": 2560.4836065573772,
        "avg_completion_tokens": 1583.7295081967213,
        "avg_total_tokens": 4144.213114754099,
        "total_cost": 0.45503459999999996
      },
      "with_answer": {
        "accuracy": 30.327868852459016,
        "close_accuracy": 70.49180327868852,
        "quality_score": 61.953551912568315,
        "avg_score_distance": 1.0819672131147542,
        "macro_precision": 32.73593073593073,
        "macro_recall": 33.27272727272727,
        "macro_f1": 27.320346320346324,
        "per_score_metrics": {
          "0": {
            "precision": 50.0,
            "recall": 3.571428571428571,
            "f1": 6.666666666666667
          },
          "1": {
            "precision": 33.33333333333333,
            "recall": 25.0,
            "f1": 28.571428571428577
          },
          "2": {
            "precision": 32.72727272727273,
            "recall": 51.42857142857142,
            "f1": 40.0
          },
          "3": {
            "precision": 19.047619047619047,
            "recall": 36.36363636363637,
            "f1": 25.0
          },
          "4": {
            "precision": 28.57142857142857,
            "recall": 50.0,
            "f1": 36.36363636363637
          }
        },
        "confusion_matrix": {
          "0": {
            "0": 1,
            "1": 10,
            "2": 10,
            "3": 6,
            "4": 1
          },
          "1": {
            "0": 0,
            "1": 10,
            "2": 20,
            "3": 7,
            "4": 3
          },
          "2": {
            "0": 1,
            "1": 9,
            "2": 18,
            "3": 2,
            "4": 5
          },
          "3": {
            "0": 0,
            "1": 1,
            "2": 5,
            "3": 4,
            "4": 1
          },
          "4": {
            "0": 0,
            "1": 0,
            "2": 2,
            "3": 2,
            "4": 4
          }
        },
        "evaluations": 122,
        "avg_evaluation_time": 23.273962364822136,
        "avg_prompt_tokens": 2558.5819672131147,
        "avg_completion_tokens": 1604.032786885246,
        "avg_total_tokens": 4162.61475409836,
        "total_cost": 0.45705510000000005
      }
    }
  },
  "summary": {
    "avg_evaluation_time": 23.12341919199365,
    "avg_prompt_tokens": 2559.532786885246,
    "avg_completion_tokens": 1593.8811475409836,
    "avg_total_tokens": 4153.413934426229,
    "total_cost": 0.9120897000000001,
    "avg_quality_score": 0.6202185792349726,
    "accuracy": 30.737704918032787,
    "close_accuracy": 68.85245901639344
  },
  "filename": "benchmark_all_tasks_qwen2.5-vl-32b-instruct_20250615_171635.json"
}