{
  "total_examples": 122,
  "total_evaluations": 366,
  "models": {
    "openai/o4-mini": {
      "without_answer": {
        "accuracy": 55.73770491803278,
        "close_accuracy": 82.78688524590164,
        "quality_score": 75.54644808743168,
        "avg_score_distance": 0.6639344262295082,
        "macro_precision": 52.458565244279534,
        "macro_recall": 55.27922077922078,
        "macro_f1": 52.69202417809229,
        "per_score_metrics": {
          "0": {
            "precision": 54.166666666666664,
            "recall": 46.42857142857143,
            "f1": 50.0
          },
          "1": {
            "precision": 71.42857142857143,
            "recall": 50.0,
            "f1": 58.823529411764696
          },
          "2": {
            "precision": 53.06122448979592,
            "recall": 74.28571428571429,
            "f1": 61.904761904761905
          },
          "3": {
            "precision": 20.0,
            "recall": 18.181818181818183,
            "f1": 19.04761904761905
          },
          "4": {
            "precision": 63.63636363636363,
            "recall": 87.5,
            "f1": 73.68421052631578
          }
        },
        "confusion_matrix": {
          "0": {
            "0": 13,
            "1": 4,
            "2": 9,
            "3": 2,
            "4": 0
          },
          "1": {
            "0": 7,
            "1": 20,
            "2": 9,
            "3": 3,
            "4": 1
          },
          "2": {
            "0": 2,
            "1": 3,
            "2": 26,
            "3": 3,
            "4": 1
          },
          "3": {
            "0": 1,
            "1": 1,
            "2": 5,
            "3": 2,
            "4": 2
          },
          "4": {
            "0": 1,
            "1": 0,
            "2": 0,
            "3": 0,
            "4": 7
          }
        },
        "evaluations": 122,
        "avg_evaluation_time": 39.618515217890504,
        "avg_prompt_tokens": 2684.532786885246,
        "avg_completion_tokens": 3149.3032786885246,
        "avg_total_tokens": 5833.836065573771,
        "total_cost": 2.1787943000000003
      },
      "with_true_solution": {
        "accuracy": 54.09836065573771,
        "close_accuracy": 82.78688524590164,
        "quality_score": 76.16120218579235,
        "avg_score_distance": 0.6557377049180327,
        "macro_precision": 54.959464072367304,
        "macro_recall": 53.311688311688314,
        "macro_f1": 53.02049604376278,
        "per_score_metrics": {
          "0": {
            "precision": 52.38095238095239,
            "recall": 39.285714285714285,
            "f1": 44.89795918367347
          },
          "1": {
            "precision": 58.06451612903226,
            "recall": 45.0,
            "f1": 50.70422535211267
          },
          "2": {
            "precision": 51.85185185185185,
            "recall": 80.0,
            "f1": 62.92134831460674
          },
          "3": {
            "precision": 37.5,
            "recall": 27.27272727272727,
            "f1": 31.57894736842105
          },
          "4": {
            "precision": 75.0,
            "recall": 75.0,
            "f1": 75.0
          }
        },
        "confusion_matrix": {
          "0": {
            "0": 11,
            "1": 7,
            "2": 9,
            "3": 1,
            "4": 0
          },
          "1": {
            "0": 7,
            "1": 18,
            "2": 13,
            "3": 2,
            "4": 0
          },
          "2": {
            "0": 1,
            "1": 3,
            "2": 28,
            "3": 2,
            "4": 1
          },
          "3": {
            "0": 2,
            "1": 3,
            "2": 2,
            "3": 3,
            "4": 1
          },
          "4": {
            "0": 0,
            "1": 0,
            "2": 2,
            "3": 0,
            "4": 6
          }
        },
        "evaluations": 122,
        "avg_evaluation_time": 58.47310346853538,
        "avg_prompt_tokens": 4636.098360655737,
        "avg_completion_tokens": 2620.122950819672,
        "avg_total_tokens": 7256.2213114754095,
        "total_cost": 2.2778784
      },
      "with_answer": {
        "accuracy": 56.557377049180324,
        "close_accuracy": 86.88524590163934,
        "quality_score": 78.168044077135,
        "avg_score_distance": 0.5950413223140496,
        "macro_precision": 57.65363318851691,
        "macro_recall": 57.33766233766234,
        "macro_f1": 56.84004884004884,
        "per_score_metrics": {
          "0": {
            "precision": 57.692307692307686,
            "recall": 53.57142857142857,
            "f1": 55.55555555555555
          },
          "1": {
            "precision": 63.33333333333333,
            "recall": 47.5,
            "f1": 54.28571428571427
          },
          "2": {
            "precision": 55.81395348837209,
            "recall": 68.57142857142857,
            "f1": 61.53846153846154
          },
          "3": {
            "precision": 40.0,
            "recall": 54.54545454545454,
            "f1": 46.15384615384615
          },
          "4": {
            "precision": 71.42857142857143,
            "recall": 62.5,
            "f1": 66.66666666666666
          }
        },
        "confusion_matrix": {
          "0": {
            "0": 15,
            "1": 4,
            "2": 7,
            "3": 2,
            "4": 0
          },
          "1": {
            "0": 8,
            "1": 19,
            "2": 11,
            "3": 2,
            "4": 0
          },
          "2": {
            "0": 1,
            "1": 6,
            "2": 24,
            "3": 4,
            "4": 0
          },
          "3": {
            "0": 1,
            "1": 1,
            "2": 1,
            "3": 6,
            "4": 2
          },
          "4": {
            "0": 1,
            "1": 0,
            "2": 0,
            "3": 1,
            "4": 5
          }
        },
        "evaluations": 122,
        "avg_evaluation_time": 32.94312189055271,
        "avg_prompt_tokens": 2617.7622950819673,
        "avg_completion_tokens": 2866.811475409836,
        "avg_total_tokens": 5484.573770491803,
        "total_cost": 2.0173501000000003
      }
    }
  },
  "summary": {
    "avg_evaluation_time": 43.678246858992864,
    "avg_prompt_tokens": 3312.7978142076504,
    "avg_completion_tokens": 2878.745901639344,
    "avg_total_tokens": 6191.543715846995,
    "total_cost": 6.4740228,
    "avg_quality_score": 0.7662100456621005,
    "accuracy": 55.46448087431693,
    "close_accuracy": 84.15300546448088
  },
  "filename": "benchmark_all_tasks_o4-mini_all_modes_20250616_015100.json"
}