{
  "total_examples": 122,
  "total_evaluations": 244,
  "models": {
    "google/gemini-2.0-flash-001": {
      "without_answer": {
        "accuracy": 36.885245901639344,
        "quality_score": 71.03825136612024,
        "avg_score_distance": 0.8442622950819673,
        "macro_precision": 31.077605321507765,
        "macro_recall": 27.564935064935064,
        "macro_f1": 27.215311004784688,
        "per_score_metrics": {
          "0": {
            "precision": 60.0,
            "recall": 21.428571428571427,
            "f1": 31.57894736842105
          },
          "1": {
            "precision": 38.18181818181819,
            "recall": 52.5,
            "f1": 44.21052631578947
          },
          "2": {
            "precision": 39.02439024390244,
            "recall": 45.714285714285715,
            "f1": 42.10526315789473
          },
          "3": {
            "precision": 18.181818181818183,
            "recall": 18.181818181818183,
            "f1": 18.181818181818183
          },
          "4": {
            "precision": 0.0,
            "recall": 0.0,
            "f1": 0
          }
        },
        "confusion_matrix": {
          "0": {
            "0": 6,
            "1": 17,
            "2": 5,
            "3": 0,
            "4": 0
          },
          "1": {
            "0": 3,
            "1": 21,
            "2": 11,
            "3": 3,
            "4": 2
          },
          "2": {
            "0": 1,
            "1": 12,
            "2": 16,
            "3": 4,
            "4": 2
          },
          "3": {
            "0": 0,
            "1": 3,
            "2": 5,
            "3": 2,
            "4": 1
          },
          "4": {
            "0": 0,
            "1": 2,
            "2": 4,
            "3": 2,
            "4": 0
          }
        },
        "evaluations": 122,
        "avg_evaluation_time": 4.564460969362103,
        "avg_prompt_tokens": 2473.6475409836066,
        "avg_completion_tokens": 622.5901639344262,
        "avg_total_tokens": 3096.2377049180327,
        "total_cost": 0.14220662499999998
      },
      "with_answer": {
        "accuracy": 47.540983606557376,
        "quality_score": 74.04371584699454,
        "avg_score_distance": 0.7540983606557377,
        "macro_precision": 47.23728123728124,
        "macro_recall": 42.590909090909086,
        "macro_f1": 43.196739430781975,
        "per_score_metrics": {
          "0": {
            "precision": 50.0,
            "recall": 28.57142857142857,
            "f1": 36.36363636363637
          },
          "1": {
            "precision": 46.2962962962963,
            "recall": 62.5,
            "f1": 53.191489361702125
          },
          "2": {
            "precision": 51.42857142857142,
            "recall": 51.42857142857142,
            "f1": 51.42857142857142
          },
          "3": {
            "precision": 38.46153846153847,
            "recall": 45.45454545454545,
            "f1": 41.666666666666664
          },
          "4": {
            "precision": 50.0,
            "recall": 25.0,
            "f1": 33.33333333333333
          }
        },
        "confusion_matrix": {
          "0": {
            "0": 8,
            "1": 14,
            "2": 6,
            "3": 0,
            "4": 0
          },
          "1": {
            "0": 3,
            "1": 25,
            "2": 7,
            "3": 3,
            "4": 2
          },
          "2": {
            "0": 2,
            "1": 12,
            "2": 18,
            "3": 3,
            "4": 0
          },
          "3": {
            "0": 3,
            "1": 3,
            "2": 0,
            "3": 5,
            "4": 0
          },
          "4": {
            "0": 0,
            "1": 0,
            "2": 4,
            "3": 2,
            "4": 2
          }
        },
        "evaluations": 122,
        "avg_evaluation_time": 4.818141376385923,
        "avg_prompt_tokens": 2486.3360655737706,
        "avg_completion_tokens": 668.2377049180328,
        "avg_total_tokens": 3154.5737704918033,
        "total_cost": 0.14448850000000002
      }
    }
  },
  "summary": {
    "avg_evaluation_time": 4.691301172874013,
    "avg_prompt_tokens": 2479.9918032786886,
    "avg_completion_tokens": 645.4139344262295,
    "avg_total_tokens": 3125.405737704918,
    "total_cost": 0.286695125,
    "avg_quality_score": 0.7254098360655737
  },
  "task_type": "task_13"
}