{
  "total_examples": 122,
  "total_evaluations": 122,
  "models": {
    "google/gemini-2.0-flash-001": {
      "with_true_solution": {
        "accuracy": 46.72131147540984,
        "quality_score": 75.81967213114754,
        "avg_score_distance": 0.7131147540983607,
        "macro_precision": 43.87840670859539,
        "macro_recall": 36.63636363636364,
        "macro_f1": 37.496980409485936,
        "per_score_metrics": {
          "0": {
            "precision": 50.0,
            "recall": 35.714285714285715,
            "f1": 41.666666666666664
          },
          "1": {
            "precision": 47.16981132075472,
            "recall": 62.5,
            "f1": 53.76344086021505
          },
          "2": {
            "precision": 50.0,
            "recall": 54.285714285714285,
            "f1": 52.05479452054795
          },
          "3": {
            "precision": 22.22222222222222,
            "recall": 18.181818181818183,
            "f1": 20.0
          },
          "4": {
            "precision": 50.0,
            "recall": 12.5,
            "f1": 20.0
          }
        },
        "confusion_matrix": {
          "0": {
            "0": 10,
            "1": 13,
            "2": 5,
            "3": 0,
            "4": 0
          },
          "1": {
            "0": 6,
            "1": 25,
            "2": 7,
            "3": 2,
            "4": 0
          },
          "2": {
            "0": 2,
            "1": 11,
            "2": 19,
            "3": 2,
            "4": 1
          },
          "3": {
            "0": 2,
            "1": 4,
            "2": 3,
            "3": 2,
            "4": 0
          },
          "4": {
            "0": 0,
            "1": 0,
            "2": 4,
            "3": 3,
            "4": 1
          }
        },
        "evaluations": 122,
        "avg_evaluation_time": 3.12549928368115,
        "avg_prompt_tokens": 2610.3934426229507,
        "avg_completion_tokens": 391.10655737704917,
        "avg_total_tokens": 3001.5,
        "total_cost": 0.205701625
      }
    }
  },
  "summary": {
    "avg_evaluation_time": 3.12549928368115,
    "avg_prompt_tokens": 2610.3934426229507,
    "avg_completion_tokens": 391.10655737704917,
    "avg_total_tokens": 3001.5,
    "total_cost": 0.205701625,
    "avg_quality_score": 0.7581967213114754
  },
  "task_type": "task_13"
}