{
  "total_examples": 122,
  "total_evaluations": 244,
  "models": {
    "google/gemini-2.5-flash-preview": {
      "without_answer": {
        "accuracy": 44.26229508196721,
        "close_accuracy": 80.32786885245902,
        "quality_score": 71.0382513661202,
        "avg_score_distance": 0.8114754098360656,
        "macro_precision": 41.8508801052065,
        "macro_recall": 36.85064935064935,
        "macro_f1": 38.09342490777315,
        "per_score_metrics": {
          "0": {
            "precision": 34.78260869565217,
            "recall": 28.57142857142857,
            "f1": 31.372549019607842
          },
          "1": {
            "precision": 44.680851063829785,
            "recall": 52.5,
            "f1": 48.275862068965516
          },
          "2": {
            "precision": 51.21951219512195,
            "recall": 60.0,
            "f1": 55.263157894736835
          },
          "3": {
            "precision": 28.57142857142857,
            "recall": 18.181818181818183,
            "f1": 22.22222222222222
          },
          "4": {
            "precision": 50.0,
            "recall": 25.0,
            "f1": 33.33333333333333
          }
        },
        "confusion_matrix": {
          "0": {
            "0": 8,
            "1": 11,
            "2": 8,
            "3": 1,
            "4": 0
          },
          "1": {
            "0": 10,
            "1": 21,
            "2": 8,
            "3": 1,
            "4": 0
          },
          "2": {
            "0": 2,
            "1": 9,
            "2": 21,
            "3": 2,
            "4": 1
          },
          "3": {
            "0": 3,
            "1": 3,
            "2": 2,
            "3": 2,
            "4": 1
          },
          "4": {
            "0": 0,
            "1": 3,
            "2": 2,
            "3": 1,
            "4": 2
          }
        },
        "evaluations": 122,
        "avg_evaluation_time": 16.08264738614442,
        "avg_prompt_tokens": 2473.6475409836066,
        "avg_completion_tokens": 2486.344262295082,
        "avg_total_tokens": 4959.991803278688,
        "total_cost": 0.32135615
      },
      "with_answer": {
        "accuracy": 40.98360655737705,
        "close_accuracy": 81.14754098360656,
        "quality_score": 70.49180327868852,
        "avg_score_distance": 0.819672131147541,
        "macro_precision": 41.43020594965675,
        "macro_recall": 39.27272727272727,
        "macro_f1": 40.076917441945646,
        "per_score_metrics": {
          "0": {
            "precision": 34.78260869565217,
            "recall": 28.57142857142857,
            "f1": 31.372549019607842
          },
          "1": {
            "precision": 38.63636363636363,
            "recall": 42.5,
            "f1": 40.476190476190474
          },
          "2": {
            "precision": 47.368421052631575,
            "recall": 51.42857142857142,
            "f1": 49.31506849315068
          },
          "3": {
            "precision": 36.36363636363637,
            "recall": 36.36363636363637,
            "f1": 36.36363636363637
          },
          "4": {
            "precision": 50.0,
            "recall": 37.5,
            "f1": 42.857142857142854
          }
        },
        "confusion_matrix": {
          "0": {
            "0": 8,
            "1": 11,
            "2": 7,
            "3": 2,
            "4": 0
          },
          "1": {
            "0": 11,
            "1": 17,
            "2": 10,
            "3": 1,
            "4": 1
          },
          "2": {
            "0": 2,
            "1": 12,
            "2": 18,
            "3": 2,
            "4": 1
          },
          "3": {
            "0": 2,
            "1": 4,
            "2": 0,
            "3": 4,
            "4": 1
          },
          "4": {
            "0": 0,
            "1": 0,
            "2": 3,
            "3": 2,
            "4": 3
          }
        },
        "evaluations": 122,
        "avg_evaluation_time": 14.91594030622576,
        "avg_prompt_tokens": 2486.3360655737706,
        "avg_completion_tokens": 2256.5737704918033,
        "avg_total_tokens": 4742.9098360655735,
        "total_cost": 0.30476915
      }
    }
  },
  "summary": {
    "avg_evaluation_time": 15.49929384618509,
    "avg_prompt_tokens": 2479.9918032786886,
    "avg_completion_tokens": 2371.4590163934427,
    "avg_total_tokens": 4851.450819672131,
    "total_cost": 0.6261253,
    "avg_quality_score": 0.7076502732240438,
    "accuracy": 42.62295081967213,
    "close_accuracy": 80.73770491803278
  },
  "filename": "benchmark_all_tasks_gemini-2.5-flash-preview_20250614_204320.json"
}